{
"lengthUnit": "mil",
"components": {
	"fields": ["COMPONENT_NO", "COMPONENT_NAME", "LAYER", "X_COORDINATE", "Y_COORDINATE", "ANGLE"],
	"rows": [
		[1, "BOOT1", "T", 731.62, 540.9, 90],
		[2, "C1", "T", 1081.1, 492.26, 270],
		[3, "C2", "T", 1017.77, 351.42, 180],
		[4, "C3", "T", 1118.5, 492.26, 90],
		[5, "C4", "T", 1100, 572.5, 0],
		[6, "C5", "T", 1525, 560, 180],
		[7, "C6", "T", 1205, 620, 90],
		[8, "C7", "T", 635.65, 284.32, 270],
		[9, "C8", "T", 1100, 615, 0],
		[10, "C9", "T", 1525, 442.22, 0],
		[11, "C10", "T", 570, 330, 180],
		[12, "C11", "T", 480, 330, 0],
		[13, "C12", "T", 370, 240, 90],
		[14, "C13", "T", 415, 240, 90],
		[15, "C14", "T", 1525, 340.28, 0],
		[16, "C15", "T", 1320, 620, 270],
		[17, "C16", "T", 1290, 620, 270],
		[18, "C17", "T", 1365, 217, 270],
		[19, "C18", "T", 1283.51, 217, 270],
		[20, "C19", "T", 1195, 220, 270],
		[21, "C21", "T", 570, 491.17, 180],
		[22, "C22", "T", 1525, 375.3, 180],
		[23, "C23", "T", 1578.99, 475, 0],
		[24, "C24", "T", 940.01, 351.42, 180],
		[25, "D1", "T", 410, 560, 180],
		[26, "D2", "T", 389.84, 442.5, 180],
		[27, "D3", "T", 389.84, 382.5, 180],
		[28, "H1", "T", 1929, 409.4, 270],
		[29, "J1", "T", 1002.4, 0, 0],
		[30, "J2", "T", 1002.4, 826.77, 0],
		[31, "L2", "T", 1016.1, 492.26, 90],
		[32, "LED1", "T", 117.05, 632.73, 0],
		[33, "PWR_LED", "T", 105.15, 186.84, 180],
		[34, "Q1", "T", 566.51, 600, 90],
		[35, "R1", "T", 210.39, 632.73, 180],
		[36, "R2", "T", 390, 490, 0],
		[37, "R3", "T", 390, 632.73, 180],
		[38, "R4", "T", 1017.5, 420.1, 0],
		[39, "R5", "T", 1017.5, 386.49, 0],
		[40, "R6", "T", 480, 632.73, 180],
		[41, "R7", "T", 1017.5, 572.5, 180],
		[42, "R8", "T", 390, 330, 0],
		[43, "R9", "T", 634.99, 359.56, 90],
		[44, "R10", "T", 1017.5, 615, 180],
		[45, "R11", "T", 634.99, 207.93, 270],
		[46, "R12", "T", 210.39, 186.84, 0],
		[47, "R13", "T", 634.99, 542.15, 90],
		[48, "R14", "T", 634.99, 466.33, 90],
		[49, "R15", "T", 480, 490, 180],
		[50, "R16", "T", 570, 530, 180],
		[51, "R17", "T", 634.99, 617.96, 90],
		[52, "R18", "T", 1525, 405.74, 0],
		[53, "R19", "T", 955, 591.98, 270],
		[54, "SW1", "T", 731.62, 284.99, 90],
		[55, "TP1", "B", 177.2, 413.4, 270],
		[56, "TP2", "B", 47.2, 452.8, 0],
		[57, "TP3", "B", 47.2, 374, 0],
		[58, "TP4", "B", 315, 315, 270],
		[59, "TP5", "B", 413.4, 315, 270],
		[60, "TP6", "B", 511.8, 315, 270],
		[61, "U1", "T", 1315, 413.39, 90],
		[62, "U3", "T", 520, 240, 180],
		[63, "U4", "T", 1000, 259.56, 0],
		[64, "USB1", "T", 185, 413.39, 270],
		[65, "X1", "T", 1617.5, 380, 90]
	]
},
"pins": {
	"fields": ["PIN_NO", "PIN_NAME", "PIN_X", "PIN_Y", "LAYER", "PIN_TYPE", "NET_NAME", "NET_TYPE", "PAD_SHAPE", "PAD_SIZEX", "PAD_SIZEY", "HOLE_SIZE", "PAD_ANGLE"],
	"rows": [
		[1, "BOOT1_1", 688.32, 454.29, "T", "SMD", "$1N24312", "", "R", 47.24, 25.59, 0, 90],
		[2, "BOOT1_2", 688.32, 627.51, "T", "SMD", "$1N24312", "", "R", 47.24, 25.59, 0, 90],
		[3, "BOOT1_3", 774.93, 454.29, "T", "SMD", "GND", "GND", "R", 47.24, 25.59, 0, 90],
		[4, "BOOT1_4", 774.93, 627.51, "T", "SMD", "GND", "GND", "R", 47.24, 25.59, 0, 90],
		[5, "C1_1", 1081.1, 512.56, "T", "SMD", "GND", "GND", "R", 18.5, 20.9, 0, 270],
		[6, "C1_2", 1081.1, 471.96, "T", "SMD", "1V1", "", "R", 18.5, 20.9, 0, 270],
		[7, "C2_1", 1034.81, 351.42, "T", "SMD", "3V3", "", "R", 22.27, 21.26, 0, 180],
		[8, "C2_2", 1000.73, 351.42, "T", "SMD", "GND", "GND", "R", 22.27, 21.26, 0, 180],
		[9, "C3_1", 1118.5, 471.96, "T", "SMD", "3V3", "", "R", 18.5, 20.9, 0, 90],
		[10, "C3_2", 1118.5, 512.56, "T", "SMD", "GND", "GND", "R", 18.5, 20.9, 0, 90],
		[11, "C4_1", 1082.96, 572.5, "T", "SMD", "$1N16315", "", "R", 22.27, 21.26, 0, 0],
		[12, "C4_2", 1117.04, 572.5, "T", "SMD", "GND", "GND", "R", 22.27, 21.26, 0, 0],
		[13, "C5_1", 1534.51, 560, "T", "SMD", "GND", "GND", "R", 11.93, 12.76, 0, 180],
		[14, "C5_2", 1515.49, 560, "T", "SMD", "3V3", "", "R", 11.93, 12.76, 0, 180],
		[15, "C6_1", 1205, 610.49, "T", "SMD", "3V3", "", "R", 11.93, 12.76, 0, 90],
		[16, "C6_2", 1205, 629.51, "T", "SMD", "GND", "GND", "R", 11.93, 12.76, 0, 90],
		[17, "C7_1", 635.65, 301.36, "T", "SMD", "GND", "GND", "R", 22.27, 21.26, 0, 270],
		[18, "C7_2", 635.65, 267.28, "T", "SMD", "RUN", "", "R", 22.27, 21.26, 0, 270],
		[19, "C8_1", 1082.96, 615, "T", "SMD", "$1N16648", "", "R", 22.27, 21.26, 0, 0],
		[20, "C8_2", 1117.04, 615, "T", "SMD", "GND", "GND", "R", 22.27, 21.26, 0, 0],
		[21, "C9_1", 1515.49, 442.22, "T", "SMD", "1V1", "", "R", 11.93, 12.76, 0, 0],
		[22, "C9_2", 1534.51, 442.22, "T", "SMD", "GND", "GND", "R", 11.93, 12.76, 0, 0],
		[23, "C10_1", 587.04, 330, "T", "SMD", "GND", "GND", "R", 22.27, 21.26, 0, 180],
		[24, "C10_2", 552.96, 330, "T", "SMD", "3V3", "", "R", 22.27, 21.26, 0, 180],
		[25, "C11_1", 462.96, 330, "T", "SMD", "GND", "GND", "R", 22.27, 21.26, 0, 0],
		[26, "C11_2", 497.04, 330, "T", "SMD", "3V3", "", "R", 22.27, 21.26, 0, 0],
		[27, "C12_1", 370, 222.96, "T", "SMD", "GND", "GND", "R", 22.27, 21.26, 0, 90],
		[28, "C12_2", 370, 257.04, "T", "SMD", "VSYS", "", "R", 22.27, 21.26, 0, 90],
		[29, "C13_1", 415, 222.96, "T", "SMD", "GND", "GND", "R", 22.27, 21.26, 0, 90],
		[30, "C13_2", 415, 257.04, "T", "SMD", "VSYS", "", "R", 22.27, 21.26, 0, 90],
		[31, "C14_1", 1515.49, 340.28, "T", "SMD", "3V3", "", "R", 11.93, 12.76, 0, 0],
		[32, "C14_2", 1534.51, 340.28, "T", "SMD", "GND", "GND", "R", 11.93, 12.76, 0, 0],
		[33, "C15_1", 1320, 629.51, "T", "SMD", "GND", "GND", "R", 11.93, 12.76, 0, 270],
		[34, "C15_2", 1320, 610.49, "T", "SMD", "3V3", "", "R", 11.93, 12.76, 0, 270],
		[35, "C16_1", 1290, 629.51, "T", "SMD", "GND", "GND", "R", 11.93, 12.76, 0, 270],
		[36, "C16_2", 1290, 610.49, "T", "SMD", "1V1", "", "R", 11.93, 12.76, 0, 270],
		[37, "C17_1", 1365, 226.51, "T", "SMD", "3V3", "", "R", 11.93, 12.76, 0, 270],
		[38, "C17_2", 1365, 207.49, "T", "SMD", "GND", "GND", "R", 11.93, 12.76, 0, 270],
		[39, "C18_1", 1283.51, 226.51, "T", "SMD", "1V1", "", "R", 11.93, 12.76, 0, 270],
		[40, "C18_2", 1283.51, 207.49, "T", "SMD", "GND", "GND", "R", 11.93, 12.76, 0, 270],
		[41, "C19_1", 1195, 229.51, "T", "SMD", "3V3", "", "R", 11.93, 12.76, 0, 270],
		[42, "C19_2", 1195, 210.49, "T", "SMD", "GND", "GND", "R", 11.93, 12.76, 0, 270],
		[43, "C21_1", 587.04, 491.17, "T", "SMD", "GND", "GND", "R", 22.27, 21.26, 0, 180],
		[44, "C21_2", 552.96, 491.17, "T", "SMD", "$1N8040", "", "R", 22.27, 21.26, 0, 180],
		[45, "C22_1", 1534.51, 375.3, "T", "SMD", "GND", "GND", "R", 11.93, 12.76, 0, 180],
		[46, "C22_2", 1515.49, 375.3, "T", "SMD", "XIN", "", "R", 11.93, 12.76, 0, 180],
		[47, "C23_1", 1569.48, 475, "T", "SMD", "$1N7955", "", "R", 11.93, 12.76, 0, 0],
		[48, "C23_2", 1588.5, 475, "T", "SMD", "GND", "GND", "R", 11.93, 12.76, 0, 0],
		[49, "C24_1", 957.05, 351.42, "T", "SMD", "GND", "GND", "R", 22.27, 21.26, 0, 180],
		[50, "C24_2", 922.97, 351.42, "T", "SMD", "3V3", "", "R", 22.27, 21.26, 0, 180],
		[51, "D1_1", 456.75, 560, "T", "SMD", "VSYS", "", "R", 94.49, 59.05, 0, 0],
		[52, "D1_2", 363.25, 560, "T", "SMD", "VBUS", "", "R", 41.34, 59.05, 0, 0],
		[53, "D2_1", 409.53, 442.5, "T", "SMD", "GND", "GND", "R", 23.62, 23.62, 0, 180],
		[54, "D2_2", 370.16, 442.5, "T", "SMD", "USB2_D-", "", "R", 23.62, 23.62, 0, 180],
		[55, "D3_1", 409.53, 382.5, "T", "SMD", "GND", "GND", "R", 23.62, 23.62, 0, 180],
		[56, "D3_2", 370.16, 382.5, "T", "SMD", "USB2_D+", "", "R", 23.62, 23.62, 0, 180],
		[57, "H1_1", 1929, 559.4, "T", "SMD", "SWD", "", "R", 60, 120, 0, 270],
		[58, "H1_2", 1929, 459.4, "T", "SMD", "SWCLK", "", "R", 60, 120, 0, 270],
		[59, "H1_3", 1929, 359.4, "T", "SMD", "GND", "GND", "R", 60, 120, 0, 270],
		[60, "H1_4", 1929, 259.4, "T", "SMD", "3V3", "", "R", 60, 120, 0, 270],
		[61, "J1_1", 52.4, 63.39, "T", "DIP", "GPIO0", "", "C", 60, 60, 39.37, 180],
		[62, "J1_1", 52.4, 63.39, "B", "DIP", "GPIO0", "", "C", 60, 60, 39.37, 180],
		[63, "J1_1", 52.4, 32.01, "T", "DIP", "GPIO0", "", "O", 60, 123.46, 39.37, 0],
		[64, "J1_1", 52.4, 32.01, "B", "DIP", "GPIO0", "", "O", 60, 123.46, 39.37, 0],
		[65, "J1_2", 152.4, 63.39, "T", "DIP", "GPIO1", "", "C", 60, 60, 39.37, 180],
		[66, "J1_2", 152.4, 63.39, "B", "DIP", "GPIO1", "", "C", 60, 60, 39.37, 180],
		[67, "J1_2", 152.4, 32.01, "T", "DIP", "GPIO1", "", "O", 60, 123.46, 39.37, 0],
		[68, "J1_2", 152.4, 32.01, "B", "DIP", "GPIO1", "", "O", 60, 123.46, 39.37, 0],
		[69, "J1_3", 252.4, 63.39, "T", "DIP", "GND", "GND", "R", 60, 60, 39.37, 180],
		[70, "J1_3", 252.4, 63.39, "B", "DIP", "GND", "GND", "R", 60, 60, 39.37, 180],
		[71, "J1_3", 252.4, 32.01, "T", "DIP", "GND", "GND", "O", 60, 123.46, 39.37, 0],
		[72, "J1_3", 252.4, 32.01, "B", "DIP", "GND", "GND", "O", 60, 123.46, 39.37, 0],
		[73, "J1_4", 352.4, 63.39, "T", "DIP", "GPIO2", "", "C", 60, 60, 39.37, 180],
		[74, "J1_4", 352.4, 63.39, "B", "DIP", "GPIO2", "", "C", 60, 60, 39.37, 180],
		[75, "J1_4", 352.4, 32.01, "T", "DIP", "GPIO2", "", "O", 60, 123.46, 39.37, 0],
		[76, "J1_4", 352.4, 32.01, "B", "DIP", "GPIO2", "", "O", 60, 123.46, 39.37, 0],
		[77, "J1_5", 452.4, 63.39, "T", "DIP", "GPIO3", "", "C", 60, 60, 39.37, 180],
		[78, "J1_5", 452.4, 63.39, "B", "DIP", "GPIO3", "", "C", 60, 60, 39.37, 180],
		[79, "J1_5", 452.4, 32.01, "T", "DIP", "GPIO3", "", "O", 60, 123.46, 39.37, 0],
		[80, "J1_5", 452.4, 32.01, "B", "DIP", "GPIO3", "", "O", 60, 123.46, 39.37, 0],
		[81, "J1_6", 552.4, 63.39, "T", "DIP", "GPIO4", "", "C", 60, 60, 39.37, 180],
		[82, "J1_6", 552.4, 63.39, "B", "DIP", "GPIO4", "", "C", 60, 60, 39.37, 180],
		[83, "J1_6", 552.4, 32.01, "T", "DIP", "GPIO4", "", "O", 60, 123.46, 39.37, 0],
		[84, "J1_6", 552.4, 32.01, "B", "DIP", "GPIO4", "", "O", 60, 123.46, 39.37, 0],
		[85, "J1_7", 652.4, 63.39, "T", "DIP", "GPIO5", "", "C", 60, 60, 39.37, 180],
		[86, "J1_7", 652.4, 63.39, "B", "DIP", "GPIO5", "", "C", 60, 60, 39.37, 180],
		[87, "J1_7", 652.4, 32.01, "T", "DIP", "GPIO5", "", "O", 60, 123.46, 39.37, 0],
		[88, "J1_7", 652.4, 32.01, "B", "DIP", "GPIO5", "", "O", 60, 123.46, 39.37, 0],
		[89, "J1_8", 752.4, 63.39, "T", "DIP", "GND", "GND", "R", 60, 60, 39.37, 180],
		[90, "J1_8", 752.4, 63.39, "B", "DIP", "GND", "GND", "R", 60, 60, 39.37, 180],
		[91, "J1_8", 752.4, 32.01, "T", "DIP", "GND", "GND", "O", 60, 123.46, 39.37, 0],
		[92, "J1_8", 752.4, 32.01, "B", "DIP", "GND", "GND", "O", 60, 123.46, 39.37, 0],
		[93, "J1_9", 852.4, 63.39, "T", "DIP", "GPIO6", "", "C", 60, 60, 39.37, 180],
		[94, "J1_9", 852.4, 63.39, "B", "DIP", "GPIO6", "", "C", 60, 60, 39.37, 180],
		[95, "J1_9", 852.4, 32.01, "T", "DIP", "GPIO6", "", "O", 60, 123.46, 39.37, 0],
		[96, "J1_9", 852.4, 32.01, "B", "DIP", "GPIO6", "", "O", 60, 123.46, 39.37, 0],
		[97, "J1_10", 952.4, 63.39, "T", "DIP", "GPIO7", "", "C", 60, 60, 39.37, 180],
		[98, "J1_10", 952.4, 63.39, "B", "DIP", "GPIO7", "", "C", 60, 60, 39.37, 180],
		[99, "J1_10", 952.4, 32.01, "T", "DIP", "GPIO7", "", "O", 60, 123.46, 39.37, 0],
		[100, "J1_10", 952.4, 32.01, "B", "DIP", "GPIO7", "", "O", 60, 123.46, 39.37, 0],
		[101, "J1_11", 1052.4, 63.39, "T", "DIP", "GPIO8", "", "C", 60, 60, 39.37, 180],
		[102, "J1_11", 1052.4, 63.39, "B", "DIP", "GPIO8", "", "C", 60, 60, 39.37, 180],
		[103, "J1_11", 1052.4, 32.01, "T", "DIP", "GPIO8", "", "O", 60, 123.46, 39.37, 0],
		[104, "J1_11", 1052.4, 32.01, "B", "DIP", "GPIO8", "", "O", 60, 123.46, 39.37, 0],
		[105, "J1_12", 1152.4, 63.39, "T", "DIP", "GPIO9", "", "C", 60, 60, 39.37, 180],
		[106, "J1_12", 1152.4, 63.39, "B", "DIP", "GPIO9", "", "C", 60, 60, 39.37, 180],
		[107, "J1_12", 1152.4, 32.01, "T", "DIP", "GPIO9", "", "O", 60, 123.46, 39.37, 0],
		[108, "J1_12", 1152.4, 32.01, "B", "DIP", "GPIO9", "", "O", 60, 123.46, 39.37, 0],
		[109, "J1_13", 1252.4, 63.39, "T", "DIP", "GND", "GND", "R", 60, 60, 39.37, 180],
		[110, "J1_13", 1252.4, 63.39, "B", "DIP", "GND", "GND", "R", 60, 60, 39.37, 180],
		[111, "J1_13", 1252.4, 32.01, "T", "DIP", "GND", "GND", "O", 60, 123.46, 39.37, 0],
		[112, "J1_13", 1252.4, 32.01, "B", "DIP", "GND", "GND", "O", 60, 123.46, 39.37, 0],
		[113, "J1_14", 1352.4, 63.39, "T", "DIP", "GPIO10", "", "C", 60, 60, 39.37, 180],
		[114, "J1_14", 1352.4, 63.39, "B", "DIP", "GPIO10", "", "C", 60, 60, 39.37, 180],
		[115, "J1_14", 1352.4, 32.01, "T", "DIP", "GPIO10", "", "O", 60, 123.46, 39.37, 0],
		[116, "J1_14", 1352.4, 32.01, "B", "DIP", "GPIO10", "", "O", 60, 123.46, 39.37, 0],
		[117, "J1_15", 1452.4, 63.39, "T", "DIP", "GPIO11", "", "C", 60, 60, 39.37, 180],
		[118, "J1_15", 1452.4, 63.39, "B", "DIP", "GPIO11", "", "C", 60, 60, 39.37, 180],
		[119, "J1_15", 1452.4, 32.01, "T", "DIP", "GPIO11", "", "O", 60, 123.46, 39.37, 0],
		[120, "J1_15", 1452.4, 32.01, "B", "DIP", "GPIO11", "", "O", 60, 123.46, 39.37, 0],
		[121, "J1_16", 1552.4, 63.39, "T", "DIP", "GPIO12", "", "C", 60, 60, 39.37, 180],
		[122, "J1_16", 1552.4, 63.39, "B", "DIP", "GPIO12", "", "C", 60, 60, 39.37, 180],
		[123, "J1_16", 1552.4, 32.01, "T", "DIP", "GPIO12", "", "O", 60, 123.46, 39.37, 0],
		[124, "J1_16", 1552.4, 32.01, "B", "DIP", "GPIO12", "", "O", 60, 123.46, 39.37, 0],
		[125, "J1_17", 1652.4, 63.39, "T", "DIP", "GPIO13", "", "C", 60, 60, 39.37, 180],
		[126, "J1_17", 1652.4, 63.39, "B", "DIP", "GPIO13", "", "C", 60, 60, 39.37, 180],
		[127, "J1_17", 1652.4, 32.01, "T", "DIP", "GPIO13", "", "O", 60, 123.46, 39.37, 0],
		[128, "J1_17", 1652.4, 32.01, "B", "DIP", "GPIO13", "", "O", 60, 123.46, 39.37, 0],
		[129, "J1_18", 1752.4, 63.39, "T", "DIP", "GND", "GND", "R", 60, 60, 39.37, 180],
		[130, "J1_18", 1752.4, 63.39, "B", "DIP", "GND", "GND", "R", 60, 60, 39.37, 180],
		[131, "J1_18", 1752.4, 32.01, "T", "DIP", "GND", "GND", "O", 60, 123.46, 39.37, 0],
		[132, "J1_18", 1752.4, 32.01, "B", "DIP", "GND", "GND", "O", 60, 123.46, 39.37, 0],
		[133, "J1_19", 1852.4, 63.39, "T", "DIP", "GPIO14", "", "C", 60, 60, 39.37, 180],
		[134, "J1_19", 1852.4, 63.39, "B", "DIP", "GPIO14", "", "C", 60, 60, 39.37, 180],
		[135, "J1_19", 1852.4, 32.01, "T", "DIP", "GPIO14", "", "O", 60, 123.46, 39.37, 0],
		[136, "J1_19", 1852.4, 32.01, "B", "DIP", "GPIO14", "", "O", 60, 123.46, 39.37, 0],
		[137, "J1_20", 1952.4, 63.39, "T", "DIP", "GPIO15", "", "C", 60, 60, 39.37, 180],
		[138, "J1_20", 1952.4, 63.39, "B", "DIP", "GPIO15", "", "C", 60, 60, 39.37, 180],
		[139, "J1_20", 1952.4, 32.01, "T", "DIP", "GPIO15", "", "O", 60, 123.46, 39.37, 0],
		[140, "J1_20", 1952.4, 32.01, "B", "DIP", "GPIO15", "", "O", 60, 123.46, 39.37, 0],
		[141, "J2_1", 52.4, 794.76, "T", "DIP", "VBUS", "", "O", 60, 123.46, 39.37, 180],
		[142, "J2_1", 52.4, 794.76, "B", "DIP", "VBUS", "", "O", 60, 123.46, 39.37, 180],
		[143, "J2_1", 52.4, 763.39, "T", "DIP", "VBUS", "", "C", 60, 60, 39.37, 0],
		[144, "J2_1", 52.4, 763.39, "B", "DIP", "VBUS", "", "C", 60, 60, 39.37, 0],
		[145, "J2_2", 152.4, 794.76, "T", "DIP", "VSYS", "", "O", 60, 123.46, 39.37, 180],
		[146, "J2_2", 152.4, 794.76, "B", "DIP", "VSYS", "", "O", 60, 123.46, 39.37, 180],
		[147, "J2_2", 152.4, 763.39, "T", "DIP", "VSYS", "", "C", 60, 60, 39.37, 0],
		[148, "J2_2", 152.4, 763.39, "B", "DIP", "VSYS", "", "C", 60, 60, 39.37, 0],
		[149, "J2_3", 252.4, 794.76, "T", "DIP", "GND", "GND", "O", 60, 123.46, 39.37, 180],
		[150, "J2_3", 252.4, 794.76, "B", "DIP", "GND", "GND", "O", 60, 123.46, 39.37, 180],
		[151, "J2_3", 252.4, 763.39, "T", "DIP", "GND", "GND", "R", 60, 60, 39.37, 0],
		[152, "J2_3", 252.4, 763.39, "B", "DIP", "GND", "GND", "R", 60, 60, 39.37, 0],
		[153, "J2_4", 352.4, 794.76, "T", "DIP", "3V3_EN", "", "O", 60, 123.46, 39.37, 180],
		[154, "J2_4", 352.4, 794.76, "B", "DIP", "3V3_EN", "", "O", 60, 123.46, 39.37, 180],
		[155, "J2_4", 352.4, 763.39, "T", "DIP", "3V3_EN", "", "C", 60, 60, 39.37, 0],
		[156, "J2_4", 352.4, 763.39, "B", "DIP", "3V3_EN", "", "C", 60, 60, 39.37, 0],
		[157, "J2_5", 452.4, 794.76, "T", "DIP", "3V3", "", "O", 60, 123.46, 39.37, 180],
		[158, "J2_5", 452.4, 794.76, "B", "DIP", "3V3", "", "O", 60, 123.46, 39.37, 180],
		[159, "J2_5", 452.4, 763.39, "T", "DIP", "3V3", "", "C", 60, 60, 39.37, 0],
		[160, "J2_5", 452.4, 763.39, "B", "DIP", "3V3", "", "C", 60, 60, 39.37, 0],
		[161, "J2_6", 552.4, 794.76, "T", "DIP", "ADC_VREF", "", "O", 60, 123.46, 39.37, 180],
		[162, "J2_6", 552.4, 794.76, "B", "DIP", "ADC_VREF", "", "O", 60, 123.46, 39.37, 180],
		[163, "J2_6", 552.4, 763.39, "T", "DIP", "ADC_VREF", "", "C", 60, 60, 39.37, 0],
		[164, "J2_6", 552.4, 763.39, "B", "DIP", "ADC_VREF", "", "C", 60, 60, 39.37, 0],
		[165, "J2_7", 652.4, 794.76, "T", "DIP", "GPIO28/ADC2", "", "O", 60, 123.46, 39.37, 180],
		[166, "J2_7", 652.4, 794.76, "B", "DIP", "GPIO28/ADC2", "", "O", 60, 123.46, 39.37, 180],
		[167, "J2_7", 652.4, 763.39, "T", "DIP", "GPIO28/ADC2", "", "C", 60, 60, 39.37, 0],
		[168, "J2_7", 652.4, 763.39, "B", "DIP", "GPIO28/ADC2", "", "C", 60, 60, 39.37, 0],
		[169, "J2_8", 752.4, 794.76, "T", "DIP", "GND", "GND", "O", 60, 123.46, 39.37, 180],
		[170, "J2_8", 752.4, 794.76, "B", "DIP", "GND", "GND", "O", 60, 123.46, 39.37, 180],
		[171, "J2_8", 752.4, 763.39, "T", "DIP", "GND", "GND", "R", 60, 60, 39.37, 0],
		[172, "J2_8", 752.4, 763.39, "B", "DIP", "GND", "GND", "R", 60, 60, 39.37, 0],
		[173, "J2_9", 852.4, 794.76, "T", "DIP", "GPIO27/ADC1", "", "O", 60, 123.46, 39.37, 180],
		[174, "J2_9", 852.4, 794.76, "B", "DIP", "GPIO27/ADC1", "", "O", 60, 123.46, 39.37, 180],
		[175, "J2_9", 852.4, 763.39, "T", "DIP", "GPIO27/ADC1", "", "C", 60, 60, 39.37, 0],
		[176, "J2_9", 852.4, 763.39, "B", "DIP", "GPIO27/ADC1", "", "C", 60, 60, 39.37, 0],
		[177, "J2_10", 952.4, 794.76, "T", "DIP", "GPIO26/ADC0", "", "O", 60, 123.46, 39.37, 180],
		[178, "J2_10", 952.4, 794.76, "B", "DIP", "GPIO26/ADC0", "", "O", 60, 123.46, 39.37, 180],
		[179, "J2_10", 952.4, 763.39, "T", "DIP", "GPIO26/ADC0", "", "C", 60, 60, 39.37, 0],
		[180, "J2_10", 952.4, 763.39, "B", "DIP", "GPIO26/ADC0", "", "C", 60, 60, 39.37, 0],
		[181, "J2_11", 1052.4, 794.76, "T", "DIP", "RUN", "", "O", 60, 123.46, 39.37, 180],
		[182, "J2_11", 1052.4, 794.76, "B", "DIP", "RUN", "", "O", 60, 123.46, 39.37, 180],
		[183, "J2_11", 1052.4, 763.39, "T", "DIP", "RUN", "", "C", 60, 60, 39.37, 0],
		[184, "J2_11", 1052.4, 763.39, "B", "DIP", "RUN", "", "C", 60, 60, 39.37, 0],
		[185, "J2_12", 1152.4, 794.76, "T", "DIP", "GPIO22", "", "O", 60, 123.46, 39.37, 180],
		[186, "J2_12", 1152.4, 794.76, "B", "DIP", "GPIO22", "", "O", 60, 123.46, 39.37, 180],
		[187, "J2_12", 1152.4, 763.39, "T", "DIP", "GPIO22", "", "C", 60, 60, 39.37, 0],
		[188, "J2_12", 1152.4, 763.39, "B", "DIP", "GPIO22", "", "C", 60, 60, 39.37, 0],
		[189, "J2_13", 1252.4, 794.76, "T", "DIP", "GND", "GND", "O", 60, 123.46, 39.37, 180],
		[190, "J2_13", 1252.4, 794.76, "B", "DIP", "GND", "GND", "O", 60, 123.46, 39.37, 180],
		[191, "J2_13", 1252.4, 763.39, "T", "DIP", "GND", "GND", "R", 60, 60, 39.37, 0],
		[192, "J2_13", 1252.4, 763.39, "B", "DIP", "GND", "GND", "R", 60, 60, 39.37, 0],
		[193, "J2_14", 1352.4, 794.76, "T", "DIP", "GPIO21", "", "O", 60, 123.46, 39.37, 180],
		[194, "J2_14", 1352.4, 794.76, "B", "DIP", "GPIO21", "", "O", 60, 123.46, 39.37, 180],
		[195, "J2_14", 1352.4, 763.39, "T", "DIP", "GPIO21", "", "C", 60, 60, 39.37, 0],
		[196, "J2_14", 1352.4, 763.39, "B", "DIP", "GPIO21", "", "C", 60, 60, 39.37, 0],
		[197, "J2_15", 1452.4, 794.76, "T", "DIP", "GPIO20", "", "O", 60, 123.46, 39.37, 180],
		[198, "J2_15", 1452.4, 794.76, "B", "DIP", "GPIO20", "", "O", 60, 123.46, 39.37, 180],
		[199, "J2_15", 1452.4, 763.39, "T", "DIP", "GPIO20", "", "C", 60, 60, 39.37, 0],
		[200, "J2_15", 1452.4, 763.39, "B", "DIP", "GPIO20", "", "C", 60, 60, 39.37, 0],
		[201, "J2_16", 1552.4, 794.76, "T", "DIP", "GPIO19", "", "O", 60, 123.46, 39.37, 180],
		[202, "J2_16", 1552.4, 794.76, "B", "DIP", "GPIO19", "", "O", 60, 123.46, 39.37, 180],
		[203, "J2_16", 1552.4, 763.39, "T", "DIP", "GPIO19", "", "C", 60, 60, 39.37, 0],
		[204, "J2_16", 1552.4, 763.39, "B", "DIP", "GPIO19", "", "C", 60, 60, 39.37, 0],
		[205, "J2_17", 1652.4, 794.76, "T", "DIP", "GPIO18", "", "O", 60, 123.46, 39.37, 180],
		[206, "J2_17", 1652.4, 794.76, "B", "DIP", "GPIO18", "", "O", 60, 123.46, 39.37, 180],
		[207, "J2_17", 1652.4, 763.39, "T", "DIP", "GPIO18", "", "C", 60, 60, 39.37, 0],
		[208, "J2_17", 1652.4, 763.39, "B", "DIP", "GPIO18", "", "C", 60, 60, 39.37, 0],
		[209, "J2_18", 1752.4, 794.76, "T", "DIP", "GND", "GND", "O", 60, 123.46, 39.37, 180],
		[210, "J2_18", 1752.4, 794.76, "B", "DIP", "GND", "GND", "O", 60, 123.46, 39.37, 180],
		[211, "J2_18", 1752.4, 763.39, "T", "DIP", "GND", "GND", "R", 60, 60, 39.37, 0],
		[212, "J2_18", 1752.4, 763.39, "B", "DIP", "GND", "GND", "R", 60, 60, 39.37, 0],
		[213, "J2_19", 1852.4, 794.76, "T", "DIP", "GPIO17", "", "O", 60, 123.46, 39.37, 180],
		[214, "J2_19", 1852.4, 794.76, "B", "DIP", "GPIO17", "", "O", 60, 123.46, 39.37, 180],
		[215, "J2_19", 1852.4, 763.39, "T", "DIP", "GPIO17", "", "C", 60, 60, 39.37, 0],
		[216, "J2_19", 1852.4, 763.39, "B", "DIP", "GPIO17", "", "C", 60, 60, 39.37, 0],
		[217, "J2_20", 1952.4, 794.76, "T", "DIP", "GPIO16", "", "O", 60, 123.46, 39.37, 180],
		[218, "J2_20", 1952.4, 794.76, "B", "DIP", "GPIO16", "", "O", 60, 123.46, 39.37, 180],
		[219, "J2_20", 1952.4, 763.39, "T", "DIP", "GPIO16", "", "C", 60, 60, 39.37, 0],
		[220, "J2_20", 1952.4, 763.39, "B", "DIP", "GPIO16", "", "C", 60, 60, 39.37, 0],
		[221, "L2_1", 1016.1, 519.82, "T", "SMD", "$1N15224", "", "R", 27.56, 66.93, 0, 90],
		[222, "L2_2", 1016.1, 464.7, "T", "SMD", "1V1", "", "R", 27.56, 66.93, 0, 90],
		[223, "LED1_1", 95.86, 632.73, "T", "SMD", "GND", "GND", "R", 25.06, 21.26, 0, 0],
		[224, "LED1_2", 138.24, 632.73, "T", "SMD", "$1N8094", "", "R", 25.06, 21.26, 0, 0],
		[225, "PWR_LED_1", 126.34, 186.84, "T", "SMD", "$1N32447", "", "R", 25.06, 21.26, 0, 180],
		[226, "PWR_LED_2", 83.96, 186.84, "T", "SMD", "3V3", "", "R", 25.06, 21.26, 0, 180],
		[227, "Q1_1", 586.2, 625.59, "T", "SMD", "3V3", "", "R", 15.75, 20.08, 0, 180],
		[228, "Q1_2", 546.83, 625.59, "T", "SMD", "GPIO29/ADC3", "", "R", 15.75, 20.08, 0, 180],
		[229, "Q1_3", 566.52, 574.41, "T", "SMD", "$1N8040", "", "R", 15.75, 20.08, 0, 180],
		[230, "R1_1", 227.43, 632.73, "T", "SMD", "GPIO25", "", "R", 22.27, 21.26, 0, 180],
		[231, "R1_2", 193.35, 632.73, "T", "SMD", "$1N8094", "", "R", 22.27, 21.26, 0, 180],
		[232, "R2_1", 372.96, 490, "T", "SMD", "$1N8088", "", "R", 22.27, 21.26, 0, 0],
		[233, "R2_2", 407.04, 490, "T", "SMD", "GND", "GND", "R", 22.27, 21.26, 0, 0],
		[234, "R3_1", 407.04, 632.73, "T", "SMD", "GPIO24", "", "R", 22.27, 21.26, 0, 180],
		[235, "R3_2", 372.96, 632.73, "T", "SMD", "VBUS", "", "R", 22.27, 21.26, 0, 180],
		[236, "R4_1", 1000.46, 420.1, "T", "SMD", "USB2_D-", "", "R", 22.27, 21.26, 0, 0],
		[237, "R4_2", 1034.54, 420.1, "T", "SMD", "USB_D-", "", "R", 22.27, 21.26, 0, 0],
		[238, "R5_1", 1000.46, 386.49, "T", "SMD", "USB2_D+", "", "R", 22.27, 21.26, 0, 0],
		[239, "R5_2", 1034.54, 386.49, "T", "SMD", "USB_D+", "", "R", 22.27, 21.26, 0, 0],
		[240, "R6_1", 497.04, 632.73, "T", "SMD", "GND", "GND", "R", 22.27, 21.26, 0, 180],
		[241, "R6_2", 462.96, 632.73, "T", "SMD", "GPIO24", "", "R", 22.27, 21.26, 0, 180],
		[242, "R7_1", 1034.54, 572.5, "T", "SMD", "$1N16315", "", "R", 22.27, 21.26, 0, 180],
		[243, "R7_2", 1000.46, 572.5, "T", "SMD", "3V3", "", "R", 22.27, 21.26, 0, 180],
		[244, "R8_1", 372.96, 330, "T", "SMD", "$1N8089", "", "R", 22.27, 21.26, 0, 0],
		[245, "R8_2", 407.04, 330, "T", "SMD", "GND", "GND", "R", 22.27, 21.26, 0, 0],
		[246, "R9_1", 634.99, 342.52, "T", "SMD", "3V3", "", "R", 22.27, 21.26, 0, 90],
		[247, "R9_2", 634.99, 376.6, "T", "SMD", "$1N32723", "", "R", 22.27, 21.26, 0, 90],
		[248, "R10_1", 1034.54, 615, "T", "SMD", "$1N16648", "", "R", 22.27, 21.26, 0, 180],
		[249, "R10_2", 1000.46, 615, "T", "SMD", "ADC_VREF", "", "R", 22.27, 21.26, 0, 180],
		[250, "R11_1", 634.99, 224.97, "T", "SMD", "VSYS", "", "R", 22.27, 21.26, 0, 270],
		[251, "R11_2", 634.99, 190.89, "T", "SMD", "3V3_EN", "", "R", 22.27, 21.26, 0, 270],
		[252, "R12_1", 193.35, 186.84, "T", "SMD", "$1N32447", "", "R", 22.27, 21.26, 0, 0],
		[253, "R12_2", 227.43, 186.84, "T", "SMD", "GND", "GND", "R", 22.27, 21.26, 0, 0],
		[254, "R13_1", 634.99, 525.11, "T", "SMD", "QSPI_SS", "", "R", 22.27, 21.26, 0, 90],
		[255, "R13_2", 634.99, 559.19, "T", "SMD", "3V3", "", "R", 22.27, 21.26, 0, 90],
		[256, "R14_1", 634.99, 449.29, "T", "SMD", "$1N24312", "", "R", 22.27, 21.26, 0, 90],
		[257, "R14_2", 634.99, 483.37, "T", "SMD", "QSPI_SS", "", "R", 22.27, 21.26, 0, 90],
		[258, "R15_1", 497.04, 490, "T", "SMD", "$1N8040", "", "R", 22.27, 21.26, 0, 180],
		[259, "R15_2", 462.96, 490, "T", "SMD", "VSYS", "", "R", 22.27, 21.26, 0, 180],
		[260, "R16_1", 587.04, 530, "T", "SMD", "GND", "GND", "R", 22.27, 21.26, 0, 180],
		[261, "R16_2", 552.96, 530, "T", "SMD", "$1N8040", "", "R", 22.27, 21.26, 0, 180],
		[262, "R17_1", 634.99, 600.92, "T", "SMD", "GND", "GND", "R", 22.27, 21.26, 0, 90],
		[263, "R17_2", 634.99, 635, "T", "SMD", "GPIO29/ADC3", "", "R", 22.27, 21.26, 0, 90],
		[264, "R18_1", 1515.49, 405.74, "T", "SMD", "XOUT", "", "R", 11.93, 12.76, 0, 0],
		[265, "R18_2", 1534.51, 405.74, "T", "SMD", "$1N7955", "", "R", 11.93, 12.76, 0, 0],
		[266, "R19_1", 955, 609.02, "T", "SMD", "ADC_VREF", "", "R", 22.27, 21.26, 0, 270],
		[267, "R19_2", 955, 574.94, "T", "SMD", "3V3", "", "R", 22.27, 21.26, 0, 270],
		[268, "SW1_1", 688.32, 198.38, "T", "SMD", "RUN", "", "R", 47.24, 25.59, 0, 90],
		[269, "SW1_2", 688.32, 371.6, "T", "SMD", "$1N32723", "", "R", 47.24, 25.59, 0, 90],
		[270, "SW1_3", 774.93, 198.38, "T", "SMD", "GND", "GND", "R", 47.24, 25.59, 0, 90],
		[271, "SW1_4", 774.93, 371.6, "T", "SMD", "GND", "GND", "R", 47.24, 25.59, 0, 90],
		[272, "TP1_1", 177.2, 413.4, "B", "SMD", "GND", "GND", "R", 59.06, 59.06, 0, 270],
		[273, "TP2_1", 47.2, 452.8, "B", "SMD", "USB2_D-", "", "R", 59.06, 59.06, 0, 0],
		[274, "TP3_1", 47.2, 374, "B", "SMD", "USB2_D+", "", "R", 59.06, 59.06, 0, 0],
		[275, "TP4_1", 315, 315, "B", "SMD", "GPIO23", "", "R", 59.06, 59.06, 0, 270],
		[276, "TP5_1", 413.4, 315, "B", "SMD", "GPIO25", "", "R", 59.06, 59.06, 0, 270],
		[277, "TP6_1", 511.8, 315, "B", "SMD", "QSPI_SS", "", "R", 59.06, 59.06, 0, 270],
		[278, "U1_1", 1204.77, 272.64, "T", "SMD", "3V3", "", "R", 34.45, 7.87, 0, 90],
		[279, "U1_2", 1220.52, 272.64, "T", "SMD", "GPIO0", "", "R", 34.45, 7.87, 0, 90],
		[280, "U1_3", 1236.26, 272.64, "T", "SMD", "GPIO1", "", "R", 34.45, 7.87, 0, 90],
		[281, "U1_4", 1252.01, 272.64, "T", "SMD", "GPIO2", "", "R", 34.45, 7.87, 0, 90],
		[282, "U1_5", 1267.75, 272.64, "T", "SMD", "GPIO3", "", "R", 34.45, 7.87, 0, 90],
		[283, "U1_6", 1283.51, 272.64, "T", "SMD", "1V1", "", "R", 34.45, 7.87, 0, 90],
		[284, "U1_7", 1299.26, 272.64, "T", "SMD", "GPIO4", "", "R", 34.45, 7.87, 0, 90],
		[285, "U1_8", 1315, 272.64, "T", "SMD", "GPIO5", "", "R", 34.45, 7.87, 0, 90],
		[286, "U1_9", 1330.74, 272.64, "T", "SMD", "GPIO6", "", "R", 34.45, 7.87, 0, 90],
		[287, "U1_10", 1346.49, 272.64, "T", "SMD", "GPIO7", "", "R", 34.45, 7.87, 0, 90],
		[288, "U1_11", 1362.25, 272.64, "T", "SMD", "3V3", "", "R", 34.45, 7.87, 0, 90],
		[289, "U1_12", 1377.99, 272.64, "T", "SMD", "GPIO8", "", "R", 34.45, 7.87, 0, 90],
		[290, "U1_13", 1393.75, 272.64, "T", "SMD", "GPIO9", "", "R", 34.45, 7.87, 0, 90],
		[291, "U1_14", 1409.49, 272.64, "T", "SMD", "GPIO10", "", "R", 34.45, 7.87, 0, 90],
		[292, "U1_15", 1425.24, 272.64, "T", "SMD", "GPIO11", "", "R", 34.45, 7.87, 0, 90],
		[293, "U1_16", 1455.74, 303.16, "T", "SMD", "GPIO12", "", "R", 7.87, 34.45, 0, 90],
		[294, "U1_17", 1455.74, 318.9, "T", "SMD", "GPIO13", "", "R", 7.87, 34.45, 0, 90],
		[295, "U1_18", 1455.74, 334.65, "T", "SMD", "GPIO14", "", "R", 7.87, 34.45, 0, 90],
		[296, "U1_19", 1455.74, 350.4, "T", "SMD", "GPIO15", "", "R", 7.87, 34.45, 0, 90],
		[297, "U1_20", 1455.74, 366.15, "T", "SMD", "3V3", "", "R", 7.87, 34.45, 0, 90],
		[298, "U1_21", 1455.74, 381.9, "T", "SMD", "XIN", "", "R", 7.87, 34.45, 0, 90],
		[299, "U1_22", 1455.74, 397.64, "T", "SMD", "XOUT", "", "R", 7.87, 34.45, 0, 90],
		[300, "U1_23", 1455.74, 413.39, "T", "SMD", "1V1", "", "R", 7.87, 34.45, 0, 90],
		[301, "U1_24", 1455.74, 429.14, "T", "SMD", "SWCLK", "", "R", 7.87, 34.45, 0, 90],
		[302, "U1_25", 1455.74, 444.89, "T", "SMD", "SWD", "", "R", 7.87, 34.45, 0, 90],
		[303, "U1_26", 1455.74, 460.64, "T", "SMD", "RUN", "", "R", 7.87, 34.45, 0, 90],
		[304, "U1_27", 1455.74, 476.38, "T", "SMD", "GPIO16", "", "R", 7.87, 34.45, 0, 90],
		[305, "U1_28", 1455.74, 492.13, "T", "SMD", "GPIO17", "", "R", 7.87, 34.45, 0, 90],
		[306, "U1_29", 1455.74, 507.88, "T", "SMD", "GPIO18", "", "R", 7.87, 34.45, 0, 90],
		[307, "U1_30", 1455.74, 523.63, "T", "SMD", "3V3", "", "R", 7.87, 34.45, 0, 90],
		[308, "U1_31", 1425.24, 554.14, "T", "SMD", "GPIO19", "", "R", 34.45, 7.87, 0, 90],
		[309, "U1_32", 1409.48, 554.14, "T", "SMD", "GPIO20", "", "R", 34.45, 7.87, 0, 90],
		[310, "U1_33", 1393.75, 554.14, "T", "SMD", "GPIO21", "", "R", 34.45, 7.87, 0, 90],
		[311, "U1_34", 1377.99, 554.14, "T", "SMD", "GPIO22", "", "R", 34.45, 7.87, 0, 90],
		[312, "U1_35", 1362.25, 554.14, "T", "SMD", "GPIO23", "", "R", 34.45, 7.87, 0, 90],
		[313, "U1_36", 1346.49, 554.14, "T", "SMD", "GPIO24", "", "R", 34.45, 7.87, 0, 90],
		[314, "U1_37", 1330.74, 554.14, "T", "SMD", "GPIO25", "", "R", 34.45, 7.87, 0, 90],
		[315, "U1_38", 1315.01, 554.14, "T", "SMD", "3V3", "", "R", 34.45, 7.87, 0, 90],
		[316, "U1_39", 1299.26, 554.14, "T", "SMD", "1V1", "", "R", 34.45, 7.87, 0, 90],
		[317, "U1_40", 1283.51, 554.14, "T", "SMD", "GPIO26/ADC0", "", "R", 34.45, 7.87, 0, 90],
		[318, "U1_41", 1267.75, 554.14, "T", "SMD", "GPIO27/ADC1", "", "R", 34.45, 7.87, 0, 90],
		[319, "U1_42", 1252.01, 554.14, "T", "SMD", "GPIO28/ADC2", "", "R", 34.45, 7.87, 0, 90],
		[320, "U1_43", 1236.28, 554.14, "T", "SMD", "GPIO29/ADC3", "", "R", 34.45, 7.87, 0, 90],
		[321, "U1_44", 1220.52, 554.14, "T", "SMD", "$1N16648", "", "R", 34.45, 7.87, 0, 90],
		[322, "U1_45", 1204.77, 554.14, "T", "SMD", "3V3", "", "R", 34.45, 7.87, 0, 90],
		[323, "U1_46", 1174.26, 523.63, "T", "SMD", "$1N16315", "", "R", 7.87, 34.45, 0, 90],
		[324, "U1_47", 1174.26, 507.88, "T", "SMD", "GND", "GND", "R", 7.87, 34.45, 0, 90],
		[325, "U1_48", 1174.26, 492.13, "T", "SMD", "$1N15224", "", "R", 7.87, 34.45, 0, 90],
		[326, "U1_49", 1174.26, 476.38, "T", "SMD", "3V3", "", "R", 7.87, 34.45, 0, 90],
		[327, "U1_50", 1174.26, 460.64, "T", "SMD", "1V1", "", "R", 7.87, 34.45, 0, 90],
		[328, "U1_51", 1174.26, 444.89, "T", "SMD", "USB_D-", "", "R", 7.87, 34.45, 0, 90],
		[329, "U1_52", 1174.26, 429.14, "T", "SMD", "USB_D+", "", "R", 7.87, 34.45, 0, 90],
		[330, "U1_53", 1174.26, 413.39, "T", "SMD", "3V3", "", "R", 7.87, 34.45, 0, 90],
		[331, "U1_54", 1174.26, 397.64, "T", "SMD", "3V3", "", "R", 7.87, 34.45, 0, 90],
		[332, "U1_55", 1174.26, 381.9, "T", "SMD", "QSPI_SD3", "", "R", 7.87, 34.45, 0, 90],
		[333, "U1_56", 1174.26, 366.15, "T", "SMD", "QSPI_SCLK", "", "R", 7.87, 34.45, 0, 90],
		[334, "U1_57", 1174.26, 350.4, "T", "SMD", "QSPI_SD0", "", "R", 7.87, 34.45, 0, 90],
		[335, "U1_58", 1174.26, 334.65, "T", "SMD", "QSPI_SD2", "", "R", 7.87, 34.45, 0, 90],
		[336, "U1_59", 1174.26, 318.9, "T", "SMD", "QSPI_SD1", "", "R", 7.87, 34.45, 0, 90],
		[337, "U1_60", 1174.26, 303.16, "T", "SMD", "QSPI_SS", "", "R", 7.87, 34.45, 0, 90],
		[338, "U1_61", 1315, 413.39, "T", "SMD", "GND", "GND", "R", 133.86, 133.86, 0, 90],
		[339, "U3_1", 468.82, 277.4, "T", "SMD", "VSYS", "", "R", 39.37, 23.62, 0, 180],
		[340, "U3_2", 468.82, 240, "T", "SMD", "GND", "GND", "R", 39.37, 23.62, 0, 180],
		[341, "U3_3", 468.82, 202.6, "T", "SMD", "3V3_EN", "", "R", 39.37, 23.62, 0, 180],
		[342, "U3_4", 571.18, 202.6, "T", "SMD", "U3_4", "", "R", 39.37, 23.62, 0, 180],
		[343, "U3_5", 571.18, 277.4, "T", "SMD", "3V3", "", "R", 39.37, 23.62, 0, 180],
		[344, "U4_1", 952.76, 208.38, "T", "SMD", "QSPI_SS", "", "R", 15.75, 31.5, 0, 0],
		[345, "U4_2", 984.25, 208.38, "T", "SMD", "QSPI_SD1", "", "R", 15.75, 31.5, 0, 0],
		[346, "U4_3", 1015.75, 208.38, "T", "SMD", "QSPI_SD2", "", "R", 15.75, 31.5, 0, 0],
		[347, "U4_4", 1047.24, 208.38, "T", "SMD", "GND", "GND", "R", 15.75, 31.5, 0, 0],
		[348, "U4_5", 1047.24, 310.74, "T", "SMD", "QSPI_SD0", "", "R", 15.75, 31.5, 0, 0],
		[349, "U4_6", 1015.75, 310.74, "T", "SMD", "QSPI_SCLK", "", "R", 15.75, 31.5, 0, 0],
		[350, "U4_7", 984.25, 310.74, "T", "SMD", "QSPI_SD3", "", "R", 15.75, 31.5, 0, 0],
		[351, "U4_8", 952.76, 310.74, "T", "SMD", "3V3", "", "R", 15.75, 31.5, 0, 0],
		[352, "U4_9", 968.42, 259.56, "T", "SMD", "GND", "GND", "R", 13.78, 31.5, 0, 90],
		[353, "U4_10", 1031.42, 259.56, "T", "SMD", "GND", "GND", "R", 13.78, 31.5, 0, 90],
		[354, "USB1_1", 278.5, 539.37, "T", "SMD", "GND", "GND", "R", 21.65, 43.31, 0, 270],
		[355, "USB1_2", 278.5, 507.87, "T", "SMD", "VBUS", "", "R", 21.65, 43.31, 0, 270],
		[356, "USB1_3", 278.5, 482.28, "T", "SMD", "USB1_3", "", "R", 11.81, 43.31, 0, 270],
		[357, "USB1_4", 278.5, 462.59, "T", "SMD", "$1N8088", "", "R", 11.81, 43.31, 0, 270],
		[358, "USB1_5", 278.5, 442.91, "T", "SMD", "USB2_D-", "", "R", 11.81, 43.31, 0, 270],
		[359, "USB1_6", 278.5, 423.23, "T", "SMD", "USB2_D+", "", "R", 11.81, 43.31, 0, 270],
		[360, "USB1_7", 278.5, 403.54, "T", "SMD", "USB2_D-", "", "R", 11.81, 43.31, 0, 270],
		[361, "USB1_8", 278.5, 383.86, "T", "SMD", "USB2_D+", "", "R", 11.81, 43.31, 0, 270],
		[362, "USB1_9", 278.5, 364.17, "T", "SMD", "USB1_9", "", "R", 11.81, 43.31, 0, 270],
		[363, "USB1_10", 278.5, 344.48, "T", "SMD", "$1N8089", "", "R", 11.81, 43.31, 0, 270],
		[364, "USB1_11", 278.5, 318.89, "T", "SMD", "VBUS", "", "R", 21.65, 43.31, 0, 270],
		[365, "USB1_12", 278.5, 287.4, "T", "SMD", "GND", "GND", "R", 21.65, 43.31, 0, 270],
		[366, "USB1_13", 256.85, 583.66, "T", "DIP", "GND", "GND", "O", 43.31, 78.74, 59.05, 270],
		[367, "USB1_13", 256.85, 583.66, "B", "DIP", "GND", "GND", "O", 43.31, 78.74, 59.05, 270],
		[368, "USB1_13", 91.49, 583.66, "T", "DIP", "GND", "GND", "O", 47.24, 70.87, 47.24, 270],
		[369, "USB1_13", 91.49, 583.66, "B", "DIP", "GND", "GND", "O", 47.24, 70.87, 47.24, 270],
		[370, "USB1_14", 256.85, 243.11, "T", "DIP", "GND", "GND", "O", 43.31, 78.74, 59.06, 270],
		[371, "USB1_14", 256.85, 243.11, "B", "DIP", "GND", "GND", "O", 43.31, 78.74, 59.06, 270],
		[372, "USB1_14", 91.5, 243.11, "T", "DIP", "GND", "GND", "O", 47.24, 70.87, 47.24, 270],
		[373, "USB1_14", 91.5, 243.11, "B", "DIP", "GND", "GND", "O", 47.24, 70.87, 47.24, 270],
		[374, "X1_1", 1650.96, 336.69, "T", "SMD", "XIN", "", "R", 55.12, 47.24, 0, 90],
		[375, "X1_2", 1650.96, 423.31, "T", "SMD", "GND", "GND", "R", 55.12, 47.24, 0, 90],
		[376, "X1_3", 1584.04, 423.31, "T", "SMD", "$1N7955", "", "R", 55.12, 47.24, 0, 90],
		[377, "X1_4", 1584.04, 336.69, "T", "SMD", "GND", "GND", "R", 55.12, 47.24, 0, 90]
	]
}
}